{"cameraMode":{"drawMode":0,"name":"Shaded","section":"Shading Mode"},"sceneLighting":false,"audioPlay":false,"sceneViewState":{"showFog":true,"showMaterialUpdate":true,"showSkybox":false,"showFlares":true,"showImageEffects":true,"showParticleSystems":true},"in2DMode":false,"pivot":{"x":0.009227514266967774,"y":0.2857717275619507,"z":-0.3039633631706238},"rotation":{"x":-0.091656394302845,"y":-0.17913731932640077,"z":0.016764221712946893,"w":-0.9794018864631653},"size":4.798376560211182,"orthographic":false}