{"cameraMode":{"drawMode":0,"name":"Shaded","section":"Shading Mode"},"sceneLighting":false,"audioPlay":false,"sceneViewState":{"showFog":true,"showMaterialUpdate":true,"showSkybox":false,"showFlares":true,"showImageEffects":true,"showParticleSystems":true},"in2DMode":false,"pivot":{"x":0.10999999940395355,"y":1.309999942779541,"z":0.0},"rotation":{"x":-0.04679485782980919,"y":0.0020927092991769315,"z":-0.00009821291314437985,"w":-0.9989023208618164},"size":0.5715768337249756,"orthographic":false}