{"cameraMode":{"drawMode":0,"name":"Shaded","section":"Shading Mode"},"sceneLighting":false,"audioPlay":false,"sceneViewState":{"showFog":true,"showMaterialUpdate":true,"showSkybox":false,"showFlares":true,"showImageEffects":true,"showParticleSystems":true},"in2DMode":false,"pivot":{"x":-0.17028190195560456,"y":1.4281407594680787,"z":-0.0968146026134491},"rotation":{"x":-0.07917406409978867,"y":-0.11725779622793198,"z":0.009378357790410519,"w":-0.9898960590362549},"size":4.886688709259033,"orthographic":false}