{"cameraMode":{"drawMode":0,"name":"Shaded","section":"Shading Mode"},"sceneLighting":false,"audioPlay":false,"sceneViewState":{"showFog":true,"showMaterialUpdate":true,"showSkybox":false,"showFlares":true,"showImageEffects":true,"showParticleSystems":true},"in2DMode":false,"pivot":{"x":469.01104736328127,"y":280.08197021484377,"z":-7.50412654876709},"rotation":{"x":-0.04679485782980919,"y":0.0020927092991769315,"z":-0.00009821291314437985,"w":-0.9989023208618164},"size":731.50341796875,"orthographic":false}