{"cameraMode":{"drawMode":0,"name":"Shaded","section":"Shading Mode"},"sceneLighting":false,"audioPlay":false,"sceneViewState":{"showFog":true,"showMaterialUpdate":true,"showSkybox":false,"showFlares":true,"showImageEffects":true,"showParticleSystems":true},"in2DMode":false,"pivot":{"x":1.6902222633361817,"y":0.029076535254716874,"z":-0.08682289719581604},"rotation":{"x":-0.05733834579586983,"y":-0.7182952165603638,"z":0.059619855135679248,"w":-0.6908038258552551},"size":3.392867088317871,"orthographic":false}