{"cameraMode":{"drawMode":0,"name":"Shaded","section":"Shading Mode"},"sceneLighting":false,"audioPlay":false,"sceneViewState":{"showFog":true,"showMaterialUpdate":true,"showSkybox":false,"showFlares":true,"showImageEffects":true,"showParticleSystems":true},"in2DMode":false,"pivot":{"x":690.7327880859375,"y":542.0743408203125,"z":66.18267059326172},"rotation":{"x":-0.03779999539256096,"y":-0.012895447202026844,"z":0.0004876725433859974,"w":-0.9992020130157471},"size":1122.2696533203125,"orthographic":false}