{"cameraMode":{"drawMode":0,"name":"Shaded","section":"Shading Mode"},"sceneLighting":false,"audioPlay":false,"sceneViewState":{"showFog":true,"showMaterialUpdate":true,"showSkybox":false,"showFlares":true,"showImageEffects":true,"showParticleSystems":true},"in2DMode":false,"pivot":{"x":-0.19385668635368348,"y":0.33694255352020266,"z":0.3352600932121277},"rotation":{"x":-0.19433185458183289,"y":-0.4500522315502167,"z":0.10102423280477524,"w":-0.8657264113426209},"size":5.272426605224609,"orthographic":false}