{"cameraMode":{"drawMode":0,"name":"Shaded","section":"Shading Mode"},"sceneLighting":true,"audioPlay":false,"sceneViewState":{"showFog":true,"showMaterialUpdate":true,"showSkybox":true,"showFlares":true,"showImageEffects":true,"showParticleSystems":true},"in2DMode":false,"pivot":{"x":134.31863403320313,"y":24.305843353271486,"z":-39.2253532409668},"rotation":{"x":-0.091656394302845,"y":-0.17913731932640077,"z":0.016764221712946893,"w":-0.9794018864631653},"size":225.56134033203126,"orthographic":false}